epoch,adam_train_loss,prunadag_train_loss
1,0.38798041931788124,0.5413308973471324
